-- phpMyAdmin SQL Dump
-- version 5.2.1
-- https://www.phpmyadmin.net/
--
-- Servidor: localhost
-- Tiempo de generación: 23-05-2024 a las 14:06:46
-- Versión del servidor: 10.4.28-MariaDB
-- Versión de PHP: 8.2.4

SET SQL_MODE = "NO_AUTO_VALUE_ON_ZERO";
START TRANSACTION;
SET time_zone = "+00:00";


/*!40101 SET @OLD_CHARACTER_SET_CLIENT=@@CHARACTER_SET_CLIENT */;
/*!40101 SET @OLD_CHARACTER_SET_RESULTS=@@CHARACTER_SET_RESULTS */;
/*!40101 SET @OLD_COLLATION_CONNECTION=@@COLLATION_CONNECTION */;
/*!40101 SET NAMES utf8mb4 */;

--
-- Base de datos: `Voidboosting`
--

-- --------------------------------------------------------

--
-- Estructura de tabla para la tabla `aplicacionesboosters`
--

CREATE TABLE `aplicacionesboosters` (
  `id` int(11) NOT NULL,
  `nombre_completo` varchar(100) NOT NULL,
  `edad` int(11) NOT NULL,
  `pais_residencia` varchar(50) NOT NULL,
  `correo_electronico` varchar(100) NOT NULL,
  `discord` varchar(100) DEFAULT NULL,
  `summonername` varchar(100) NOT NULL,
  `region_servidor` varchar(10) NOT NULL,
  `rango_actual` varchar(20) NOT NULL,
  `experiencia_lol` int(11) NOT NULL,
  `roles_competencia` varchar(100) DEFAULT NULL,
  `sido_booster_anteriormente` enum('Sí','No') NOT NULL,
  `experiencia_booster` text DEFAULT NULL,
  `declaracion_integridad` enum('Confirmada','No confirmada') NOT NULL,
  `motivacion` text NOT NULL,
  `fecha_aplicacion` timestamp NOT NULL DEFAULT current_timestamp()
) ENGINE=InnoDB DEFAULT CHARSET=utf8 COLLATE=utf8_spanish_ci;

--
-- Volcado de datos para la tabla `aplicacionesboosters`
--

INSERT INTO `aplicacionesboosters` (`id`, `nombre_completo`, `edad`, `pais_residencia`, `correo_electronico`, `discord`, `summonername`, `region_servidor`, `rango_actual`, `experiencia_lol`, `roles_competencia`, `sido_booster_anteriormente`, `experiencia_booster`, `declaracion_integridad`, `motivacion`, `fecha_aplicacion`) VALUES
(1, 'asdas', 44, 'usa', 'sdasd@gmail.com', 'sada', 'adas', 'na', 'iron', 4, 'Apoyo ', 'Sí', 'asda', 'Confirmada', 'adas', '2024-05-13 13:57:45');

-- --------------------------------------------------------

--
-- Estructura de tabla para la tabla `Clientes`
--

CREATE TABLE `Clientes` (
  `ID_Cliente` int(11) NOT NULL,
  `Nombre` varchar(255) DEFAULT NULL,
  `CorreoElectronico` varchar(255) DEFAULT NULL,
  `ContraseñaHash` varchar(32) DEFAULT NULL
) ENGINE=InnoDB DEFAULT CHARSET=utf8 COLLATE=utf8_spanish_ci;

--
-- Volcado de datos para la tabla `Clientes`
--

INSERT INTO `Clientes` (`ID_Cliente`, `Nombre`, `CorreoElectronico`, `ContraseñaHash`) VALUES
(1, 'Juan Pérez', 'juan@example.com', '312j3b12h3vbh'),
(2, 'Juan Perez4', 'juan.perez@example.com', 'password123');

-- --------------------------------------------------------

--
-- Estructura de tabla para la tabla `CuentasLOL`
--

CREATE TABLE `CuentasLOL` (
  `ID_Cuenta` int(11) NOT NULL,
  `NombreCuenta` varchar(100) DEFAULT NULL,
  `RangoActual` varchar(50) DEFAULT NULL,
  `Precio` decimal(10,2) DEFAULT NULL
) ENGINE=InnoDB DEFAULT CHARSET=utf8 COLLATE=utf8_spanish_ci;

--
-- Volcado de datos para la tabla `CuentasLOL`
--

INSERT INTO `CuentasLOL` (`ID_Cuenta`, `NombreCuenta`, `RangoActual`, `Precio`) VALUES
(1, 'CuentaDiamante 80%', 'Diamante', 40.99),
(2, 'CuentaDiamante 60% WR', 'Diamante', 30.99),
(12, 'Oro 50%', 'Oro', 32.00),
(13, 'esmeralda 80% ', 'esmeralda', 36.00);

-- --------------------------------------------------------

--
-- Estructura de tabla para la tabla `FotosCuentaLOL`
--

CREATE TABLE `FotosCuentaLOL` (
  `ID_Foto` int(11) NOT NULL,
  `ID_Cuenta` int(11) DEFAULT NULL,
  `RutaFoto` varchar(255) DEFAULT NULL
) ENGINE=InnoDB DEFAULT CHARSET=utf8 COLLATE=utf8_spanish_ci;

--
-- Volcado de datos para la tabla `FotosCuentaLOL`
--

INSERT INTO `FotosCuentaLOL` (`ID_Foto`, `ID_Cuenta`, `RutaFoto`) VALUES
(1, 1, '/proyecto/images/imagencuenta1.png'),
(2, 1, '/proyecto/images/imagencuenta2.jpg'),
(7, 2, '/proyecto/images/imagencuenta5.png'),
(8, 2, '/proyecto/images/imagencuenta3.jpg'),
(15, 12, '/opt/lampp/htdocs/proyecto/images/index.jpeg'),
(16, 13, '/opt/lampp/htdocs/proyecto/images/index.jpeg');

-- --------------------------------------------------------

--
-- Estructura de tabla para la tabla `Pedidos`
--

CREATE TABLE `Pedidos` (
  `ID_Pedido` int(11) NOT NULL,
  `ID_Cliente` int(11) DEFAULT NULL,
  `ID_Servicio` int(11) DEFAULT NULL,
  `ID_Cuenta` int(11) DEFAULT NULL,
  `FechaPedido` date DEFAULT NULL,
  `EstadoPedido` varchar(50) DEFAULT NULL,
  `ID_Usuario` int(11) DEFAULT NULL
) ENGINE=InnoDB DEFAULT CHARSET=utf8 COLLATE=utf8_spanish_ci;

--
-- Volcado de datos para la tabla `Pedidos`
--

INSERT INTO `Pedidos` (`ID_Pedido`, `ID_Cliente`, `ID_Servicio`, `ID_Cuenta`, `FechaPedido`, `EstadoPedido`, `ID_Usuario`) VALUES
(2, NULL, NULL, NULL, '2024-05-18', 'Pendiente', NULL),
(4, 2, 2, NULL, '2024-05-18', 'Pendiente', 1),
(6, 2, 4, NULL, '2024-05-19', 'Pendiente', 10),
(10, 2, NULL, 1, '2024-05-19', 'en proceso', 1),
(11, 2, 7, NULL, '2024-05-20', 'Pendiente', 10);

-- --------------------------------------------------------

--
-- Estructura de tabla para la tabla `ServiciosBoosting`
--

CREATE TABLE `ServiciosBoosting` (
  `ID_Servicio` int(11) NOT NULL,
  `RangoInicial` varchar(50) DEFAULT NULL,
  `RangoFinal` varchar(50) DEFAULT NULL,
  `Precio` decimal(10,2) DEFAULT NULL
) ENGINE=InnoDB DEFAULT CHARSET=utf8 COLLATE=utf8_spanish_ci;

--
-- Volcado de datos para la tabla `ServiciosBoosting`
--

INSERT INTO `ServiciosBoosting` (`ID_Servicio`, `RangoInicial`, `RangoFinal`, `Precio`) VALUES
(1, 'Hierro', 'Esmeralda', 120.00),
(2, 'Hierro', 'Esmeralda', 120.00),
(3, NULL, NULL, NULL),
(4, NULL, NULL, NULL),
(7, 'Oro', 'Esmeralda', 40.00);

-- --------------------------------------------------------

--
-- Estructura de tabla para la tabla `usuarios`
--

CREATE TABLE `usuarios` (
  `ID_Usuario` int(11) NOT NULL,
  `Nombre` varchar(255) NOT NULL,
  `CorreoElectronico` varchar(255) NOT NULL,
  `ContraseñaHash` varchar(255) NOT NULL,
  `Tipo` enum('cliente','empleado') NOT NULL
) ENGINE=InnoDB DEFAULT CHARSET=utf8 COLLATE=utf8_spanish_ci;

--
-- Volcado de datos para la tabla `usuarios`
--

INSERT INTO `usuarios` (`ID_Usuario`, `Nombre`, `CorreoElectronico`, `ContraseñaHash`, `Tipo`) VALUES
(1, 'NombreEmpleado7', 'correo@empleadodemo.com', 'contraseña_encriptada_empleado', 'empleado'),
(10, 'Juan Perez6', 'juan.perez@example.com', 'password123', 'cliente');

-- --------------------------------------------------------

--
-- Estructura de tabla para la tabla `vistas`
--

CREATE TABLE `vistas` (
  `id_vista` int(11) NOT NULL,
  `contenido` text DEFAULT NULL
) ENGINE=InnoDB DEFAULT CHARSET=utf8 COLLATE=utf8_spanish_ci;

--
-- Volcado de datos para la tabla `vistas`
--

INSERT INTO `vistas` (`id_vista`, `contenido`) VALUES
(1, '\r\n<div class=\"main\">\r\n    <div>\r\n    <h1 class=\"h1main\">La plataforma líder de ELO Boost</h1>\r\n    <p>Alcanza el rango de tus sueños sin esfuerzo con nuestro LoL Boosting, Coaching & Accounts servicios.</p>\r\n    </div>\r\n    <button onclick=\"location.href=\'/proyecto/resources/boosting.php\';\" class=\"animated-button purple\">SUBIR DE RANGO</button>\r\n    <button onclick=\"location.href=\'/proyecto/resources/cuentas.php\';\" class=\"animated-button white\" >COMPRAR CUENTA</button> \r\n</div>\r\n'),
(2, '\r\n\r\n<div class=\"menuterminos\">\r\n    <h1>Terminos de Servicio</h1><br>\r\n    <h3>Enero 10, 2024</h3> <br>\r\n    <p>Las siguientes condiciones de uso describen cómo puede acceder y utilizar el sitio web y los servicios de GGBoost.com.</p> <br>\r\n    <p>VoidBoosting.gg es propiedad y está gestionado por:</p> <br>\r\n    <p>Nombre : VoidBoosting.gg <br> <br>\r\n        Sede : Valencia , C/San Cristobal 1 Aldaia <br> <br>\r\n        Dirección de la oficina: C/San Cristobal 1 Aldaia <br> <br>\r\n        IVA : HR54073223643 <br> <br>\r\n        Miembros de la empresa : Alex Rosa Garcia <br> <br>\r\n        Representantes autorizados : Alex Rosa Garcia <br> <br>\r\n        Número de móvil: +34 601 36 75 54 <br>  <br>\r\n        Correo electrónico : alexrosa@voidboosting.com <br> <br>\r\n        Correo electrónico profesional : voidboosting@gmail.com <br> <br> \r\n    </p> <br><br>\r\n\r\n    <h3>Generales Terminos</h3> <br><br>\r\n\r\n    <p>1.1. - Le rogamos que tenga en cuenta los términos y condiciones cuando utilice nuestro sitio web y nuestro servicio. El uso de nuestro sitio web le limita a los términos y condiciones de esta página. Usted es plenamente responsable de conocer nuestros términos y cumplirlos durante todo el uso de nuestro sitio web y/o servicio. <br><br>\r\n\r\n1.2. - Si desea rechazar nuestros términos y condiciones, póngase en contacto con nosotros y explíquenos sus motivos. <br><br>\r\n\r\n1.3. - GGBoost.com está alojado en el sitio web https://ggboost.com. Ningún otro sitio web tiene conexión directa con GGBoost.com. <br><br>\r\n\r\n1.4. - Se prohíbe el uso de nuestro servicio a toda persona o empleado no autorizado. El cliente o intento de cliente acepta todos los riesgos y se compromete a defender, eximir de responsabilidad e indemnizar a GGBoost.com por cualquier reclamación de los no autorizados en relación con la propiedad intelectual que les pertenezca. <br><br>\r\n\r\n1.5. - GGBoost.com no reclama ninguna asociación, ningún respaldo y ninguna afiliación con Riot Games, Respawn Entertainment y Valve Corporation. <br><br>\r\n\r\n1.6. - GGBoost.com no reclama la propiedad intelectual de Riot Games, Respawn Entertainment, Valve Corporation ni de ninguna de sus filiales. Todos los derechos de autor y marcas comerciales pertenecen a sus respectivos propietarios. El cliente reconoce que GGBoost.com no tiene ninguna relación con Riot Games, Respawn Entertainment y Valve Corporation. El cliente reconoce que GGBoost.com no reclama la propiedad intelectual de Riot Games, Respawn Entertainment, Valve Corporation u otras partes. <br><br>\r\n\r\n1.7. - El contenido de este sitio y todas las extensiones de este sitio se muestra tal cual y sin garantía de ningún tipo, ya sea expresa o implícita. En la máxima medida permitida por la ley, GGBoost.com rechaza todas las garantías implícitas o explícitas, incluidas, entre otras, las garantías implícitas de comerciabilidad e idoneidad para un fin determinado. En relación con todos los servicios, GGBoost.com presta únicamente un servicio al cliente; GGBoost.com no vende bienes, propiedades ni ninguna extensión de un producto físico. Nuestro sitio web y nuestro servicio no reclaman la titularidad de ninguna de las propiedades intelectuales no autorizadas y actúan simplemente como terceros cesionarios de la propiedad entre el no autorizado y el cliente; una vez que GGBoost.com reciba el pago y el no autorizado complete los servicios prometidos, el cliente ocupará el lugar de GGBoost.com como usuario de la propiedad intelectual no autorizada hasta el límite permitido por el no autorizado. Al término de cualquier transacción entre el cliente y GGBoost.com, el cliente asumirá que GGBoost.com, funciona meramente como licenciatario del no autorizado para utilizar su propiedad intelectual y concede a GGBoost.com indemnidad de todo el trato comercial. GGBoost.com no reclama título alguno sobre los intereses de propiedad intelectual de la empresa no autorizada ni del cliente; y salvo los que, en su caso, conceda la empresa no autorizada, GGBoost.com no transfiere ninguna propiedad intelectual al cliente. <br><br>\r\n</p> <br><br>\r\n\r\n<h3>Tareas generales de atención al cliente</h3> <br><br>\r\n\r\n<p>\r\n2.1. - GGBoost.com no está asociado de ninguna forma con Riot Games ni con ninguna otra entidad no autorizada. GGBoost.com advierte a todos los interesados y posibles interesados que se abstengan de violar, infringir o realizar cualquier acción ilegal en relación con los derechos de propiedad intelectual de Riot Games o de cualquier otra entidad no autorizada. <br><br>\r\n\r\n2.2. - Al entrar en nuestro sitio web, o en cualquier extensión de nuestro sitio web / servicio, incluyendo la descarga y/o observación de contenidos en cualquier plataforma que sirva como extensión de nuestro sitio web o servicio, usted declara bajo pena de perjurio, que no es empleado ni está afiliado a Riot Games y sus respectivas filiales y subsidiarias. <br><br>\r\n\r\n2.3. - Al comprar o utilizar nuestro servicio, o cualquier servicio incluido en GGBoost.com, usted, el cliente, reconoce que entiende los servicios que está comprando, y que es responsable de proporcionar con exactitud la información necesaria dentro del juego para que podamos completar y procesar su pedido. <br><br>\r\n\r\n2.4. - Usted, el cliente, reconoce que al comprar un servicio de refuerzo de nuestra empresa, usted no es elegible para la protección del comprador bajo Paypal o cualquier otra institución financiera. Cualquier disputa debe ser mediada a través de nuestro sistema de soporte. Si usted, el cliente, abre una disputa con Paypal, u otra institución financiera en relación con nuestro servicio, usted está en violación de nuestros términos de servicio. La empresa se reserva el derecho de emprender acciones contra los clientes que presenten disputas o devoluciones de cargo, incluyendo la inclusión de la información del cliente en una lista de malos compradores, y la divulgación de su información a terceros. <br><br>\r\n \r\n2.5. - GGBoost.com se reserva el derecho de emprender acciones legales contra las personas que cometan fraude financiero relacionado con la compra de servicios en nuestro sitio web. <br><br>\r\n\r\n2.6. - Usted, el cliente, acepta que si inicia una devolución de cargo está incumpliendo directamente las condiciones de uso de GGBoost.com, y está legalmente obligado a cerrar la devolución de cargo o a devolver el mismo importe además de una tasa determinada por GGBoost.com, no inferior a 50 $ ni superior al doble del importe original. En caso de no cumplir con cualquiera de las dos opciones, usted, el cliente, acepta la plena responsabilidad ante un tribunal de justicia según lo determinado por las Leyes de Comercio Europeas. <br><br>\r\n\r\n2.7. - Usted, el cliente, acepta que si abre una reclamación después de que el pedido se haya tramitado o el servicio se haya iniciado o completado, estará incumpliendo directamente las condiciones de uso de GGBoost.com, y legalmente obligado a cerrar la reclamación o a devolver el mismo importe además de una tasa determinada por GGBoost.com, no inferior a 50 $ y no superior al triple del importe original si el pedido realizado costó más de 50 $. En caso de que no se atenga a cualquiera de las dos opciones, usted, el cliente, acepta la plena responsabilidad ante un tribunal, tal y como determina el Derecho mercantil europeo. <br><br>\r\n\r\n2.8. - Usted, el cliente, acepta que su factura sea enviada a una agencia de cobro de deudas si devuelve un pago por un servicio que ha sido completado, y acepta que tendrá que pagar tasas adicionales que cubran tanto la agencia de cobro como cualquier otro coste imprevisto en relación con su devolución. <br><br>\r\n\r\n2.9. - Al comprar un pedido, usted tiene derecho a un reembolso dentro de las 48 horas siguientes a su compra, esto se aplica si un booster no comenzó a trabajar en su cuenta dentro del tiempo dado. Puede solicitar este reembolso directamente en Atención al cliente en vivo. <br><br>\r\n\r\n2.10. - Usted, el cliente, acepta que una vez que su compra se ha realizado y el servicio ha comenzado, ya no tiene derecho a recibir un reembolso. Si el servicio no es completado por GGBoost.com usted tiene derecho a recibir crédito en la tienda por lo que falta de su servicio. <br><br>\r\n2.11. - Usted, el cliente, acepta que una vez que su compra ha pasado y un refuerzo se ha asignado, usted ya no es elegible para recibir un reembolso. Si el servicio no es completado por GGBoost.com usted tiene derecho a recibir crédito en la tienda por lo que falta de su servicio. <br><br>\r\n\r\n2.12. - Los pedidos que no se hayan completado dentro de la duración de la temporada de regalo se procesarán de acuerdo con el punto 2.11. En el caso de que un booster proceda a iniciarlo pero no sea capaz de terminarlo dentro del tiempo de la temporada, emitiremos un reembolso parcial, en consecuencia. <br><br>\r\n\r\n2.13. - Los clientes se reservan el derecho de ver y presenciar cualquier partido durante el proceso y preguntar cualquier duda sólo directamente a los Contactos de GGBoost.com. <br><br>\r\n\r\n2.14. - 2.14. - El Cliente se reserva el derecho de elegir el idioma en el que desea comunicarse durante la utilización del Servicio, teniendo en cuenta los idiomas disponibles en GGBoost.com, y si en algún caso el idioma no está disponible, solicitar un traductor. <br><br>\r\n \r\n2.15. - Los Clientes se reservan el derecho a adquirir el Servicio de Aumento de Elo, Colas de Dúos y Coaching de GGBoost.com, consistente en el aumento de la cantidad de elo, el número de colas de dúos o el número de horas a entrenar seleccionadas bajo el Nombre de Invocador que el cliente haya facilitado en el Formulario Web que GGBoost.com, facilita una vez realizado el pago, siempre y cuando y sólo después de leer los términos y condiciones el cliente esté capacitado para solicitar el servicio. <br><br>\r\n\r\n2.16. - Usted, el cliente acepta que si GGBoost.com es consciente de que el rango que usted compra no coincide con el rango exacto que tiene actualmente bajo su nombre ingame, Usted, el cliente acepta y autoriza a que el servicio se convierta en créditos de la tienda. <br><br>\r\n\r\n2.17. - Usted, el cliente acepta la responsabilidad de perder el progreso del pedido debido a sus inicios de sesión y/o partidas jugadas después de la compra del servicio.<br><br>\r\n\r\n2.18. - Usted, cliente, acepta que no jugará ninguna partida clasificatoria después de la compra del servicio y que si lo hace, nos reservamos el derecho de anunciar el boost como completado. <br><br>\r\n\r\n2.19. - Usted, el cliente, acepta que los impulsores se reservan el derecho a modificar las preferencias de la cuenta, como las combinaciones de teclas u otras opciones relacionadas con el juego en su afán por completar el servicio. <br><br>\r\n\r\n2.20. - Usted, el cliente, acepta que las «propinas» o «regalos» dados a nuestros empleados no son reembolsables ni convertibles en créditos de la tienda. <br><br>\r\n\r\n2.21. - Usted, el cliente, acepta que si después de comprar un pedido muestra inactividad durante 28 días o más y no muestra interés en finalizar el servicio, lo cerraremos y lo daremos por procesado. <br><br>\r\n\r\n2.22. - El «Solo boosting» va en contra de los términos de servicio de Riot. Esto puede dar lugar a posibles acciones contra tu cuenta. Tomamos todas las precauciones necesarias para garantizar tu seguridad, pero en última instancia, no somos responsables de las acciones que se tomen contra tu cuenta.<br><br>\r\n\r\n\r\n2.23. - Usted, el cliente, reconoce que la función Cashback de GGBOOST le proporcionará un porcentaje inmediato del valor total pagado en forma de créditos de la tienda canjeables por futuras compras. <br><br>\r\n\r\n2.24. - Usted, el cliente, reconoce que el valor porcentual del punto 2.23 está sujeto a cambios en cualquier momento en función de las políticas de marketing. <br><br>\r\n\r\n2.25. - Usted, el cliente, reconoce que el valor pagado mencionado en el punto 2.23 no incluye los créditos de la tienda ni las propinas/regalos a efectos del cálculo del cashback. El valor pagado comprende únicamente la cantidad real de dinero gastado.<br><br>\r\n\r\n2.26. - Usted, el cliente, reconoce que los créditos de la tienda obtenidos en un pago concreto con Cashback se eliminarán de su cuenta si se reembolsa dicho pago. <br><br>\r\n</p> <br><br>\r\n\r\n<h3>League Of Legends</h3> <br><br>\r\n\r\n<p>3.1. - Usted, el cliente, reconoce que si su ganancia de LP es inferior a 14LP por victoria en los servicios de división en solitario o dúo, nos reservamos el derecho de convertir los fondos restantes de su pedido en créditos de la tienda o ganancias netas en su nivel y división actuales utilizando la calculadora por victoria en GGBOOST.com, según su preferencia. <br><br>\r\n\r\n3.2. - Usted, el cliente, reconoce que si, en promedio, su pérdida de LP es al menos el doble del valor de sus ganancias de LP en los servicios de división en solitario o dúo, nos reservamos el derecho de convertir los fondos restantes de su pedido en créditos de la tienda o ganancias netas en su nivel y división actuales utilizando la calculadora por ganancia en GGBOOST.com, según su preferencia. <br><br>\r\n\r\n3.3. - Usted, el cliente, reconoce que si su KDA es inferior a 1,6 en cualquier Duo Division o Duo Net Win Service, nos reservamos el derecho de convertir su pedido en Duo Games por el valor de su pedido. <br><br>\r\n\r\n3.4. - Usted, el cliente, reconoce que GGBOOST se reserva el derecho de convertir el valor de un servicio Solo Net Win o Duo Net Win en créditos de la tienda cuando el rango actual esté al menos 2 divisiones por encima del rango inicial, excepto en Diamante 4 o superior donde el mismo procedimiento puede ocurrir 1 división por encima del rango inicial. <br><br>\r\n\r\n\r\n3.5. - Usted, el cliente, reconoce que los créditos de la tienda concedidos en la sección 3.4 son iguales al importe total del pedido inicial si el contador de ganancias netas es igual o inferior a cero en el momento de la conversión. Si el contador de ganancias netas es superior a 0 en el momento de la conversión, los créditos de la tienda se valorarán en función del número de ganancias netas que falten. <br><br>\r\n\r\n3.6. - Usted, el cliente, reconoce que el siguiente es el número mínimo de victorias de Colocaciones Solo y Colocaciones Dúo requerido antes de que se active la compensación de Colocaciones Sin Clasificación a Colocaciones Diamante I. 4 victorias en 5 partidas, 3 victorias en 4 partidas, 2 victorias en 3 partidas, 1 victoria en 2 partidas y 0 victorias en 1 partida. <br><br>\r\n\r\n3.7. - Usted, el cliente, reconoce que el siguiente es el número mínimo de victorias en Solo Placements y Duo Placements requerido antes de que se active la compensación en Master Placements y Grandmaster Placements. 3 victorias en 5 partidas, 2 victorias en 4 partidas, 2 victorias en 3 partidas, 1 victoria en 2 partidas y 0 victorias en 1 partida. <br><br>\r\n\r\n3.8. - Usted, el cliente, reconoce que la compensación dada en las Colocaciones Solo y Colocaciones Dúo mostradas en 3.6 y 3.7 es de 2 Ganancias Netas por pérdida por debajo de nuestro ratio mínimo de ganancias garantizado hasta Esmeralda I y 1 Ganancia Neta por pérdida por debajo de nuestro ratio mínimo de ganancias garantizado en Diamante IV o superior. <br><br>\r\n\r\n3.9. - Usted, el cliente, reconoce que la compensación otorgada en Colocaciones Solo y Colocaciones Duo, tal y como se muestra en 3.8, se concede en forma de créditos de tienda equivalentes al valor de la compensación otorgada en ese momento. <br><br>\r\n    \r\n\r\n</p> \r\n    \r\n</div>\r\n'),
(3, '\r\n<div class=\"politicas\">\r\n    <h1>Políticas de Privacidad</h1> <br><br>\r\n\r\n    <p>Última actualización: 10 de enero de 2024 <br><br>\r\n\r\n    Esta Política cubre las políticas y prácticas de la Empresa en relación con la recopilación, uso y divulgación de la información del Usuario cuando éste utiliza el Servicio en línea. También informa al Usuario de sus derechos de privacidad y de cómo la ley los protege. <br><br>\r\n\r\n    La Empresa utiliza la Información Personal facilitada por los Usuarios y/o para prestar y mejorar el Servicio Online. Al utilizar el Servicio en línea, el Usuario consiente la recogida y el uso de la información de acuerdo con esta Política. <br><br>\r\n\r\n    La Política se ajusta a los artículos 12, 13 y 14 del GDPR y de la CCPA.</p> <br><br>\r\n\r\n    <h2>I. DEFINICIONES</h2> <br><br>\r\n\r\n    <p>De acuerdo con esta Política: <br><br>\r\n\r\nEl Usuario se refiere a cualquier individuo que haya creado una cuenta en el sitio web de la Empresa y utilice el servicio en línea de la Empresa. <br><br>\r\n\r\nDispositivo se refiere a cualquier dispositivo capaz de acceder al sitio web, como un ordenador, un teléfono móvil o una tableta digital. <br><br>\r\n\r\nGDPR se refiere a las normas generales de protección de datos para la protección de las personas físicas para el tratamiento de datos personales, así como las normas que rigen la libre circulación de Datos Personales. <br><br>\r\n\r\nSitio web se refiere a la plataforma web de la Empresa para los dispositivos móviles u ordenadores del Usuario a la que se puede acceder a través de un navegador web sin necesidad de descarga, bajo el nombre (dominio) de www.ggboost.com, y no está afiliada a ningún otro sitio web, empresa, marca, organización o entidad de nombre similar. <br><br>\r\n\r\nImpulsores se refiere a los empleados, consultores, filiales, subsidiarias y agentes de la Empresa. <br><br>\r\n\r\nServicio en línea se refiere a los productos y servicios de la Empresa que son accesibles al público en su totalidad tras registrarse para obtener una cuenta en el Sitio web. El Servicio en línea consiste en lo siguiente: el Usuario puede solicitar servicios en línea a la Empresa a través del Sitio web. El Usuario puede recibir el Servicio en línea tanto de la Empresa como de los Impulsores. <br><br>\r\n\r\nDatos Personales se refiere a cualquier información que pueda ser utilizada para identificar a un individuo específico. Esto puede incluir una amplia gama de información, como el nombre de una persona, su dirección, número de teléfono, dirección de correo electrónico, etc. <br><br>\r\n\r\n\r\n\r\nTratamiento se refiere a cualquier operación o conjunto de operaciones realizadas sobre datos personales o conjuntos de datos personales, ya sea o no por medios automatizados, incluyendo la recogida, registro, organización, estructuración, almacenamiento, adaptación o alteración, recuperación, consulta, uso, divulgación por transmisión, difusión o cualquier otra forma de puesta a disposición, alineación o combinación, restricción, borrado o destrucción. <br><br>\r\n\r\nLa empresa se refiere a Achievement Oriented Entertainment Pte. Ltd. - 7 TEMASEK BOULEVARD #12-07 SUNTEC TOWER ONE, SINGAPUR (038987), número de registro 201820699H. <br><br>\r\n\r\nDatos de uso se refiere a los datos recopilados automáticamente por el Servicio en línea o su infraestructura, ya sean generados por el Servicio en línea o su infraestructura (por ejemplo, la duración de una visita, la ruta del sitio web y el número de visitas).</p> <br><br>\r\n\r\n<h2>II. RECOGIDA Y UTILIZACIÓN DE LOS DATOS PERSONALES DEL USUARIO Y/O DE LOS PROMOTORES</h2> <br><br> \r\n\r\n<p>Personal Data: <br><br>\r\n\r\n\r\nAquí tienes la traducción al español del texto proporcionado:\r\n\r\nMientras utiliza el sitio web de la Empresa, la Empresa puede solicitar que tanto el Usuario como los Impulsores proporcionen información personal que pueda ser utilizada para contactar o identificar al Usuario. La información personal puede incluir, pero no se limita a, lo siguiente: <br><br>\r\n\r\nDirección de correo electrónico; nombre y apellidos del Usuario o del Impulsor (cuando se añade información de pago); nacionalidad del Usuario o del Impulsor; tarjeta de identificación o pasaporte si se requiere para la verificación de identidad; edad del Usuario o del Impulsor; dirección de facturación. La Empresa se reserva el derecho, en cualquier momento y a su sola discreción, de requerir que los Impulsores o el Usuario confirmen su información personal, incluyendo documentos que confirmen la identidad. <br><br>\r\n\r\nLa Empresa se reserva el derecho, en cualquier momento y a su sola discreción, de requerir que los Impulsores o el Usuario confirmen su información personal, incluyendo documentos que confirmen la identidad. <br><br>\r\n\r\n</p> <br>\r\n\r\n<h2>III. UTILIZACIÓN DE LOS DATOS</h2> <br><br>\r\n\r\n<p>Los Datos de Uso se recogen automáticamente cuando un usuario visita el Sitio Web. <br><br>\r\n\r\nLos Datos de Uso pueden contener información, el tipo de Dispositivo, las páginas que visita el Usuario o Impulsor, la hora y fecha de la visita, la duración del tiempo pasado en esas páginas, identificadores únicos de dispositivo y otros datos de diagnóstico. <br><br>\r\n\r\nCuando un Usuario o Impulsor utiliza un Dispositivo para acceder al Sitio Web, la Empresa puede recopilar automáticamente cierta información, incluyendo, pero sin limitarse a: <br><br>\r\n\r\nel tipo de Dispositivo utilizado; el identificador único del Dispositivo; el sistema operativo del Dispositivo; el tipo de navegador de Internet utilizado; y otros datos de diagnóstico. <br><br>\r\n</p> <br><br>\r\n\r\n<h2>IV. COOKIES Y TECNOLOGÍAS DE SEGUIMIENTO</h2> <br><br>\r\n\r\n<p>La empresa utiliza cookies y otras tecnologías de seguimiento para supervisar el tráfico del sitio web y almacenar cierta información. Las balizas, etiquetas y scripts se utilizan como tecnologías de seguimiento para recopilar y rastrear información, así como para mejorar y analizar el sitio web. La tecnología empleada por la Empresa puede incluir <br><br>\r\n\r\nCookies del Navegador o Cookies. Una cookie es un archivo diminuto que se deposita en el Dispositivo del Usuario o de los Impulsores. El Usuario puede ordenar al navegador que rechace todas las Cookies o que le avise cuando una Cookie está siendo enviada. No obstante, si el Usuario o los Impulsores no aceptan las Cookies, es posible que el Usuario no pueda acceder a determinadas áreas del Sitio Web. Cookies que utilizan la tecnología Adobe Flash Player. Ciertas funciones del Sitio Web pueden utilizar objetos almacenados localmente (o Flash Cookies) para recopilar y almacenar información sobre las elecciones o el comportamiento del Usuario o del Booster en el Servicio en línea. Las Cookies Flash no se pueden gestionar a través de la misma configuración del navegador que las Cookies del navegador. Website Beacon. Ciertas secciones del Sitio Web y los correos electrónicos de la Empresa pueden contener pequeños archivos electrónicos conocidos como Web Beacons (también conocidos como clear gifs, pixel tags y single-pixel gifs) que permiten a la Empresa, entre otras cosas, contar los usuarios que han visitado esas páginas o abierto un correo electrónico y para otras estadísticas del sitio web (por ejemplo, registrar la popularidad de una determinada sección y verificar la integridad del sistema y del servidor). <br><br>\r\n\r\nExisten cookies «persistentes» y «de sesión». Las Cookies Persistentes permanecen en los Dispositivos personales del Usuario o Booster después de desconectarse, pero las Cookies de Sesión se eliminan cuando el Usuario o Booster cierra el navegador web. <br><br>\r\n\r\nLa Empresa utiliza tanto Cookies de Sesión como Cookies Persistentes para los siguientes fines: <br><br>\r\n\r\nCookies Necesarias/Requeridas <br><br>\r\n\r\nCookies de sesión <br><br>\r\n\r\nGestionadas por la Empresa <br><br>\r\n\r\nEstas Cookies son necesarias para proporcionar al Usuario y/o Impulsores los servicios accesibles a través del Sitio Web y para permitir al Usuario y/o Impulsores utilizar algunas de sus funciones. Ayudan a autenticar a los usuarios y a evitar el uso fraudulento de las cuentas. Sin estas Cookies, los servicios solicitados por el Usuario no pueden prestarse, y la Empresa únicamente utiliza estas Cookies para prestar los servicios solicitados al Usuario y/o a los Impulsores. <br><br>\r\n\r\nPolítica de Cookies/Aceptación de Notificaciones <br><br>\r\n\r\nCookies persistentes <br><br>\r\n\r\nGestionadas por la Empresa <br><br>\r\n\r\nEstas Cookies determinan si el usuario ha aceptado o no el uso de cookies en el sitio web. <br><br>\r\n\r\nCookies de Rendimiento <br><br>\r\n\r\nTipo: Cookies Persistentes <br><br>\r\n\r\nGestionadas por la Empresa <br><br>\r\n\r\nEstas Cookies permiten a la Empresa recordar las elecciones que el Usuario y/o Impulsores realizan al utilizar el Sitio Web, como los datos de acceso del Usuario o el idioma preferido. El objetivo de estas Cookies es proporcionar al Usuario y/o Impulsores una experiencia más personalizada y evitar que tengan que volver a introducir sus preferencias cada vez que utilicen el Sitio Web. <br><br>\r\n\r\n\r\nCookies publicitarias <br><br>\r\n\r\nGestionadas por la empresa <br><br>\r\n\r\nEl objetivo de estas cookies es proporcionar a nuestros clientes potenciales la mejor experiencia publicitaria posible. No incluyen información personal y se basan en la actividad del Usuario y/o Impulsores en el Sitio Web. <br><br>\r\n\r\n</p> \r\n\r\n<h2>V. USO DE LOS DATOS PERSONALES DEL USUARIO Y/O DE LOS IMPULSORES</h2> <br><br>\r\n\r\n<p> \r\n\r\nLa Empresa podrá utilizar los Datos Personales para los siguientes fines: <br><br>\r\n\r\nPara proporcionar y gestionar el Sitio Web, lo que incluye la supervisión de su uso. <br><br>\r\n\r\nPara la ejecución de un contrato: la creación, cumplimiento y ejecución del contrato de compra de los productos, artículos o servicios que el Usuario y/o los Impulsores hayan adquirido o de cualquier otro trato con la Empresa a través del Sitio Web. <br><br>\r\n\r\nPara proporcionar al Usuario noticias, ofertas especiales e información general sobre otros bienes, servicios y eventos ofrecidos por la Empresa que sean similares a los que el Usuario y/o los Impulsores ya han comprado o sobre los que han preguntado, a menos que el Usuario y/o los Impulsores hayan optado por no recibir dicha información. <br><br>\r\n\r\nGestionar las solicitudes de los Usuarios: Para atender y gestionar las demandas de la Empresa por parte de los Usuarios y/o Boosters. <br><br>\r\n\r\nPara transferencias empresariales: la Empresa podrá utilizar la información del Usuario y/o Booster para evaluar o llevar a cabo una fusión, desinversión, reestructuración, reorganización, disolución u otra venta o transferencia de algunos o todos los activos de la Empresa, ya sea como empresa en funcionamiento o como parte de un procedimiento de quiebra, liquidación o similar, en el que los Datos personales que la Empresa posea sobre los usuarios del Sitio web se encuentren entre los activos transferidos. <br><br>\r\n\r\n\r\nLa Empresa podrá utilizar la información del Usuario y/o del Potenciador para otros fines, como el análisis de datos, la identificación de tendencias de uso, la determinación de la eficacia de sus campañas promocionales y la evaluación y mejora del Sitio Web, los productos, los servicios, el marketing y la experiencia del Usuario y/o del Potenciador. <br><br>\r\n\r\nEn los siguientes casos, la Empresa podrá compartir la Información personal del Usuario y/o del Booster: <br><br>\r\n\r\nCon proveedores de servicios: La Empresa se reserva el derecho de compartir los Datos Personales del Usuario y/o Impulsores con proveedores de servicios con el fin de supervisar y analizar el uso del Sitio Web y ponerse en contacto con el Usuario y/o Impulsores. Para transferencias comerciales: la Empresa podrá compartir o transferir los Datos personales del Usuario y/o de los Impulsores en relación con o durante las negociaciones de cualquier fusión, venta de los activos de la Empresa, financiación o compra de la totalidad o parte de los negocios de la Empresa por parte de otra empresa. Con afiliados: la Empresa se reserva el derecho de divulgar los Datos personales del Usuario y/o de los Impulsores con sus afiliados, en cuyo caso obligará a dichos afiliados a adherirse a esta Política de privacidad. Las filiales consisten en la empresa matriz de la Empresa y cualesquiera otras filiales, socios de empresas conjuntas u otras empresas de las que la Empresa sea propietaria o con las que comparta el control. Con socios comerciales: La Empresa se reserva el derecho de compartir los Datos Personales del Usuario y/o Impulsores con socios comerciales con el fin de proporcionar al Usuario y/o Impulsores productos, servicios o promociones particulares. Con el consentimiento del Usuario: la Empresa podrá divulgar los Datos personales del Usuario y/o de los Impulsores por cualquier otro motivo con el consentimiento del Usuario y/o de los Impulsores. <br><br>\r\n\r\n</p>\r\n\r\n<h2>VI. CONSERVACIÓN DE LOS DATOS PERSONALES DEL USUARIO Y/O DE LOS IMPULSORES</h2> <br><br>\r\n\r\n<p>\r\n\r\nLa Empresa sólo conservará los Datos Personales del Usuario y/o del Impulsor durante el tiempo necesario para cumplir los fines descritos en esta Declaración de Privacidad. <br><br>\r\n\r\nLa Empresa conservará y utilizará los Datos personales del usuario y/o del promotor según sea necesario para cumplir con las obligaciones legales de la Empresa (por ejemplo, si estamos obligados a conservar los Datos personales del usuario y/o del promotor para cumplir con las leyes aplicables), resolver disputas y hacer cumplir nuestros acuerdos legales y políticas. <br><br>\r\n\r\nAdemás, la Empresa conservará los Datos de Uso con fines de análisis interno. Por lo general, los Datos de Uso se conservan durante un periodo de tiempo más corto, a menos que estos Datos Personales sean necesarios para reforzar la seguridad o mejorar la funcionalidad de nuestro Sitio, o que estemos legalmente obligados a conservar estos datos durante periodos de tiempo más largos. <br><br>\r\n</p>\r\n\r\n<h2>VII. CESIÓN DE LOS DATOS PERSONALES DEL USUARIO Y/O DEL PROMOTOR</h2> <br><br>\r\n\r\n<p>\r\n\r\nLa información del Usuario y/o de los Impulsores, incluidos los Datos Personales, se procesa en las oficinas operativas de la Empresa, así como en cualquier otro lugar en el que se encuentren las partes que participan en el procesamiento. Se indica que esta información puede ser transferida a -y almacenada en- ordenadores situados fuera del estado, provincia, nación u otra jurisdicción gubernamental del Usuario y/o de los Impulsores, donde las normas de protección de datos pueden diferir de las de la jurisdicción del Usuario y/o de los Impulsores. <br><br>\r\n\r\nLa aceptación de esta Política de Privacidad por parte del Usuario y/o de los Impulsores, seguida de la introducción de dicha información, constituye su permiso para la transferencia. <br><br>\r\n\r\nLa Empresa tomará todas las medidas razonablemente necesarias para garantizar que los Datos Personales del Usuario y/o Impulsor se traten de forma segura y de acuerdo con esta Política de Privacidad, y no se producirá ninguna transferencia de los Datos Personales del Usuario y/o Impulsor a una organización o país a menos que existan controles adecuados, incluida la seguridad de los Datos Personales del Usuario y/o Impulsor y otra información personal. <br><br>\r\n</p>\r\n\r\n<h2>VIII. DIVULGACIÓN DE LOS DATOS PERSONALES DEL USUARIO Y/O DE LOS IMPULSORES</h2> <br><br>\r\n\r\n<p>\r\nTransacciones comerciales <br><br>\r\n\r\nSi la Empresa participa en una fusión, adquisición o venta de activos, los Datos Personales del Usuario y/o del Impulsor pueden ser transferidos. Antes de que los Datos Personales del Usuario y/o del Impulsor se transfieran y queden sujetos a una Política de Privacidad diferente, la Empresa lo notificará. <br><br>\r\n\r\nCumplimiento de la ley <br><br>\r\n\r\nEn determinadas situaciones, la Empresa puede verse obligada a revelar Datos Personales, como los del Usuario y/o Impulsor, si así se lo exige la ley o en respuesta a requerimientos legales de autoridades públicas (por ejemplo, un tribunal o una agencia gubernamental). <br><br>\r\n\r\nOtros requisitos legales <br><br>\r\n\r\nLa Empresa podrá divulgar los Datos personales del Usuario y/o del Impulsor cuando considere, de buena fe, que dicha acción es necesaria para: <br><br>\r\n\r\nCumplir con requisitos legales. Proteger los derechos y la propiedad de la Empresa. Prevenir o investigar cualquier posible mal comportamiento con el Sitio Web. Proteger la seguridad del Usuario y/o de los Usuarios del Servicio Online, así como del público en general. Proteger contra la culpabilidad legal. <br><br>\r\n</p>\r\n\r\n<h2>IX. DATOS SOBRE LA INTIMIDAD DE LOS NIÑOS</h2> <br><br>\r\n\r\n<p>\r\n\r\nEl sitio web de la Empresa no está destinado a niños menores de 14 años (catorce). La Empresa no recopila información personal identificable de niños menores de 14 años (catorce). Si usted es padre o tutor y tiene conocimiento de que su hijo nos ha proporcionado Información Personal, póngase en contacto con nosotros. <br><br>\r\n\r\nSi la Empresa se entera de que ha obtenido Datos Personales de un niño menor de 14 (catorce) años sin la verificación del consentimiento paterno, la Empresa tomará medidas para borrar esos Datos Personales de sus servidores y/u otros medios de almacenamiento. <br><br>\r\n\r\nSi la Empresa necesita basarse en el permiso como base legal para procesar la información del Usuario y/o del Potenciador y el país del Usuario y/o del Potenciador requiere el consentimiento de uno de los padres, la Empresa podrá solicitar el consentimiento de los padres del Usuario y/o del Potenciador antes de recopilar y utilizar dicha información. <br><br>\r\n</p>\r\n\r\n<h2>X. SEGURIDAD DE LOS DATOS PERSONALES DEL USUARIO</h2> <br><br>\r\n\r\n<p>\r\n\r\nLa Empresa toma todas las precauciones razonables para proteger la información recibida de los Usuarios y/o Potenciadores contra la destrucción, pérdida, modificación, divulgación o acceso accidental o ilegal. La Empresa ha implementado las salvaguardas físicas, técnicas y administrativas necesarias para proteger y asegurar la información de los Usuarios y/o Impulsores, y utiliza tecnologías que mejoran la privacidad, como la encriptación. Puede ponerse en contacto con nosotros por correo electrónico en contact@ggboost.com si tiene alguna pregunta sobre la protección de su información personal. <br><br>\r\n\r\n</p>\r\n\r\n<h2>XI. ENLACES DE HIPERTEXTO A OTROS SITIOS WEB</h2> <br><br>\r\n\r\n<p>\r\nEl Sitio Web de la Empresa puede contener enlaces a sitios web de terceros. Si el Usuario y/o los Promotores hacen clic en un enlace a un sitio web de terceros, serán redirigidos a dicho sitio web de terceros. La Empresa recomienda encarecidamente que el Usuario y/o los Impulsores estudien las Políticas de Privacidad de cada sitio web que visiten. <br><br>\r\n\r\nLa Empresa no tiene ningún control sobre el contenido, las políticas de privacidad o las prácticas de los sitios web o servicios de terceros y no asume ninguna responsabilidad al respecto. <br><br>\r\n</p>\r\n\r\n<h2>XII. CAMBIOS EN ESTA POLÍTICA DE PRIVACIDAD</h2> <br><br>\r\n\r\n<p>La Empresa podrá modificar periódicamente la Política. La Empresa notificará cualquier modificación al Usuario, a los Boosters y a terceros mediante la publicación de la Política revisada en este sitio web. <br><br>\r\n\r\nLa Empresa está autorizada a modificar la Política. Mediante la modificación de la fecha de «Última actualización» en la parte superior de esta Política, la Empresa notificará al Usuario, a los Boosters y a cualquier otro tercero. <br><br>\r\n\r\nSe recomienda al Usuario, a los Boosters y a cualquier otro tercero que revisen con frecuencia esta Política para comprobar si se ha producido alguna actualización. Cuando se publiquen en esta página, los cambios de esta Política de privacidad entrarán en vigor. <br><br>\r\n\r\n</p>\r\n\r\n<h2>XIII. AVISO GDPR</h2> <br><br>\r\n\r\n<p>\r\n\r\nLa base jurídica para el tratamiento de los Datos Personales del Usuario y/o Impulsor es el Art. 6 sec. 1 a) b), f) del Reglamento (UE) 2016/679 del Parlamento Europeo y del Consejo, de 27 de abril de 2016, relativo a la protección de las personas físicas en lo que respecta al tratamiento de datos personales y a la libre circulación de estos datos (GDPR), cuando el interés legítimo de la Empresa esté relacionado con la prestación del Sitio Web al Usuario. <br><br>\r\n\r\nLos Datos Personales se tratarán durante un plazo no superior a diez (10) años, o hasta que se presente una oposición al tratamiento de los datos o se ponga fin al mismo. <br><br>\r\n\r\nEl Usuario y/o los Impulsores tienen derecho a acceder, rectificar, suprimir o restringir sus Datos Personales, o a oponerse al tratamiento, así como derecho a la portabilidad de los datos y derecho a presentar una reclamación ante la autoridad supervisora. <br><br>\r\n\r\nEn el caso de la recogida de datos y su tratamiento basado en el Art. 6 sec. 1 año a) GDPR, el Usuario y/o los Impulsores tienen derecho a retirar su consentimiento en cualquier momento, sin que ello afecte a la legalidad del tratamiento realizado antes de la retirada del consentimiento. <br><br>\r\n\r\n\r\nLa Empresa es un controlador de datos para los Datos Personales recopilados de todas las categorías de sujetos de datos indicadas anteriormente, con la excepción de los registros del Usuario, los registros administrativos del usuario y cierta información de configuración de la cuenta. Además, la Empresa actúa como procesador de datos para cualquier contenido transmitido por el Usuario a través de los Servicios en línea. Si la Empresa es un procesador de datos, procesa los datos en nombre del Usuario de acuerdo con las instrucciones de procesamiento de datos del Usuario. <br><br>\r\n</p>\r\n \r\n<h2>XIV. INFORMACIÓN PARA RESIDENTES EN CALIFORNIA</h2>     <br><br>\r\n\r\n<p>Esta sección contiene las divulgaciones adicionales exigidas por la Ley de Privacidad del Consumidor de California («CCPA»). <br><br>\r\n\r\nConsulte el cuadro «Categorías de datos personales recopilados» que figura más adelante en esta Política para obtener una lista de la información personal que la Empresa ha sido autorizada a recopilar de los consumidores de California en los últimos doce meses, junto con los fines empresariales y comerciales de la Empresa y las categorías de terceros con los que se puede compartir esta información. Consulte «Recopilación y uso de datos personales» para obtener información adicional sobre los tipos de fuentes de las que la Empresa recopila y utiliza datos personales. <br><br>\r\n\r\nCategorías de datos personales recogidos <br><br>\r\n\r\nActividad en Internet u otras redes electrónicas, incluido el comportamiento de navegación y la información relativa al uso y las interacciones del usuario y/o los promotores con el sitio web de la Empresa. <br><br>\r\n \r\nPartes con las que podrían compartirse los datos <br><br>\r\n\r\nLos terceros que prestan servicios a la Empresa, incluidos los que nos ayudan con la atención al cliente, la suscripción y el cumplimiento de pedidos, la medición de la publicidad, las comunicaciones y encuestas, el análisis de datos, la prevención del fraude, el almacenamiento en la nube, la gestión y registro de correcciones de errores y el procesamiento de pagos. Anunciantes y socios de marketing de la Empresa, como socios que ayudan a determinar la popularidad del contenido, envían publicidad y material relevante para los intereses del Usuario y/o de los Impulsores y ayudan a comprender mejor las actividades en línea del Usuario y/o de los Impulsores. <br><br>\r\n\r\nSujeta a ciertas limitaciones y excepciones, la CCPA concede a los usuarios de California el derecho a solicitar más información sobre las categorías y elementos específicos de información personal recopilada, el derecho a eliminar su información personal, el derecho a optar por no participar en cualquier «venta» que pueda estar teniendo lugar, y el derecho a no ser discriminado por ejercer estos derechos. <br><br>\r\n\r\nNo «vendemos» la información de identificación personal que recopilamos (y no la venderemos en el futuro sin ofrecer el derecho de exclusión).La Empresa sí permite a sus socios publicitarios recopilar determinados identificadores de dispositivos y actividades de redes electrónicas a través del Servicio en línea de la Empresa con el fin de mostrar anuncios en otras plataformas que estén orientados a los intereses del Usuario y/o de los Boosters. Para excluirse, el Usuario y/o los Impulsores pueden limitar el seguimiento de anuncios en el Sitio web ajustando la configuración del Dispositivo. <br><br>\r\n\r\nLos usuarios de California pueden enviar una solicitud de derechos por correo electrónico a contact@ggboost.com. La Empresa validará la solicitud del Usuario y/o de los Promotores solicitando que el Usuario envíe información que coincida con la información que tiene archivada sobre el Usuario y/o los Promotores. El Usuario y/o los Boosters podrán designar a un representante para que ejecute estos derechos en su nombre.Los agentes autorizados deben presentar solicitudes a través de los mismos métodos, pero la Empresa necesitará verificar que la persona está autorizada a actuar en nombre del Usuario y/o Booster y también puede pedir al Usuario y/o Booster que autentifique su identificación directamente con la Empresa. <br><br>\r\n\r\n</p>\r\n\r\n<h2>XV. DISPUTE RESOLUTION</h2> <br>\r\n\r\n<p>Si tiene alguna queja sin resolver sobre privacidad o uso de datos que la empresa no haya resuelto adecuadamente, póngase en contacto con nosotros en voidboosting@gmail.com</p> <br><br>\r\n\r\n<h2>XVI. CONTACTOS</h2> <br><br>\r\n\r\n<p>Póngase en contacto con nosotros si tiene alguna duda sobre nuestra Política <br><br>\r\n\r\npor correo electrónico: voidboostingcontact@gmail.com</p> <br><br>\r\n    \r\n</div>'),
(4, '\r\n<div class=\"rembolsos\">\r\n\r\n    <h1>Nuestra Política de Reembolsos.</h1> <br><br>\r\n\r\n    <p>\r\n    I.Compras con derecho a reembolso: Todos los productos y servicios comprados directamente a nuestra empresa en nuestra plataforma son elegibles para un reembolso bajo las condiciones indicadas a continuación.<br><br>\r\n\r\n    II.Pedidos no iniciados (Boosting & Coaching): Para los pedidos que aún no han comenzado, usted es elegible para un reembolso del 70% del precio original dentro de las 48 horas de la compra. El 30% se retendrá en concepto de gastos de administración. Tenga en cuenta que esta política se aplica a situaciones en las que nuestra empresa aún no ha comenzado a procesar o cumplir con su pedido. Esto no incluye los casos en los que el Usuario no haya proporcionado los datos correctos para que los Vendedores puedan iniciar el pedido (Ej: Rellenar Credenciales en un servicio Pilotado). En este caso la solicitud de reembolso no será procesada.<br><br>\r\n\r\n    III.Cancelación de Servicio (Boosting & Coaching): Si desea cancelar un servicio en curso, póngase en contacto con nuestro servicio de atención al cliente. El importe del reembolso para estas situaciones se calculará de forma prorrateada, y no se reembolsará ningún trabajo que ya se haya completado.<br><br>\r\n\r\n    IV.Productos digitales (cuentas de juego): Debido a la naturaleza del contenido digital, todas las ventas son definitivas una vez que se ha concedido la descarga o el acceso. No obstante, si tiene algún problema con el producto, póngase en contacto con nuestro servicio de atención al cliente. Haremos todo lo que esté en nuestra mano para mediar en una solución que satisfaga a ambas partes.<br><br>\r\n\r\n\r\n    V.Métodos de reembolso: Los reembolsos tendrán lugar el lunes siguiente a la solicitud de reembolso. El reembolso se procesará en el método de pago original utilizado para pagar el servicio o en el monedero electrónico del usuario si se ha acordado previamente con la Plataforma. Por favor, espere de 7 a 14 días laborables para que el reembolso aparezca en su extracto.<br><br>\r\n\r\n    VI.Solicitud de reembolso: Para solicitar un reembolso, póngase en contacto con nuestro equipo de atención al cliente dentro del período especificado mencionado en cada categoría de nuestra política de reembolso en el chat en vivo o Discord. <br><br>\r\n \r\n    VII.Abuso de la política de devoluciones: Nos reservamos el derecho a denegar el reembolso a cualquier cliente que se considere que abusa de nuestra política de reembolso al realizar repetidas solicitudes de reembolso de mala fe. <br><br>\r\n\r\n    VIII.Costes de la pasarela de pago: Los reembolsos pueden estar sujetos a costes de transacción cobrados por la pasarela de pago. Estos costes están fuera de nuestro control y se deducirán del importe total del reembolso una vez deducidos los gastos de administración indicados en el punto 1. Tenga en cuenta que estos gastos son responsabilidad del usuario que solicita el reembolso y no son negociables. <br><br>\r\n\r\n    IX.Caso por caso: Para situaciones no contempladas explícitamente en esta política de reembolso, nos reservamos el derecho de tomar decisiones caso por caso. Cada una de estas decisiones tendrá en cuenta las circunstancias únicas de la situación y tratará de ser justa para ambas partes. Póngase en contacto con nuestro servicio de atención al cliente para tratar estas cuestiones. Las tasas de administración y los costes de la pasarela de pagos indicados en los puntos 1 y 7 seguirán vigentes. <br><br>\r\n    \r\n\r\n    X.Devoluciones de cargo y problemas de pago: Como cliente, usted reconoce y acepta que si se inicia una devolución de cargo por un servicio que ya se ha completado, o si el procesamiento del pago falla debido a errores del sistema (ya sea en nuestra plataforma o en los socios de pago), el importe pendiente se remitirá a una agencia de cobro de deudas. Usted también acepta asumir cualquier coste adicional asociado con el proceso de cobro, incluidos los honorarios de la agencia y otros costes incidentales que puedan surgir debido a la devolución de cargo. <br><br>\r\n\r\n    XI.Cambios en nuestra política de devoluciones: Es posible que actualicemos periódicamente esta política. Le recomendamos que revise esta política cada vez que realice una compra para mantenerse informado sobre nuestras prácticas de reembolso. <BR><BR></BR></BR>\r\n</p>\r\n</div>');
INSERT INTO `vistas` (`id_vista`, `contenido`) VALUES
(5, '\r\n<div class=\"nosotros\">\r\n\r\n<h1>¿Quiénes Somos? - Acerca de VoidBoosting</h1> <br><br>\r\n\r\n<p>\r\n¿Quiénes Somos? - Acerca de VoidBoosting<br><br>\r\n\r\n¡Bienvenidos a VoidBoosting! Somos un equipo apasionado dedicado a proporcionar servicios de boosting y venta de cuentas para League of Legends (LoL). Nuestra misión es ayudarte a alcanzar tus metas en el juego, ya sea mejorando tu clasificación o proporcionándote la cuenta perfecta que se adapte a tus necesidades de juego.</p> <br><br>\r\n\r\n<h2>Nuestra Historia</h2> <br><br>\r\n\r\n<p>VoidBoosting nació de un grupo de jugadores veteranos de LoL que, después de años de competir en los niveles más altos, decidieron llevar su pasión un paso más allá. Nos dimos cuenta de que muchos jugadores luchan por alcanzar sus objetivos no por falta de habilidad, sino por no tener suficiente tiempo o por encontrarse estancados en su nivel actual. Así que decidimos ofrecer una solución: un servicio seguro, eficiente y confiable de boosting y venta de cuentas.<br><br>\r\n\r\nDesde nuestros inicios, hemos ayudado a miles de jugadores a alcanzar sus sueños en LoL, desde escalar en las clasificaciones hasta conseguir esa cuenta especial que los ayude a disfrutar del juego en diferentes niveles.</p> <br><br>\r\n\r\n<h2>Nuestros Valores</h2> <br><br>\r\n\r\n<p>\r\n    \r\nIntegridad: Tratamos a todos nuestros clientes con respeto y honestidad. Tu confianza es fundamental para nosotros, y nos esforzamos por mantener la transparencia en todos nuestros servicios. <br><br>\r\nCalidad: Nos comprometemos a proporcionar el mejor servicio posible. Nuestros boosters son jugadores de alto nivel que entienden profundamente el juego y siguen estrictas pautas para asegurar la calidad y la seguridad en cada paso. <br><br>\r\nSeguridad: Sabemos que la seguridad es crucial. Garantizamos la protección de tu información personal y detalles de cuenta a través de nuestras rigurosas políticas de seguridad. <br><br>\r\nAtención al Cliente: Nuestro equipo de soporte está siempre disponible para responder cualquier pregunta y resolver cualquier problema que pueda surgir. Nos enorgullecemos de nuestra rápida respuesta y atención personalizada. </p> <br><br>\r\n\r\n\r\n<h2>Nuestro Compromiso</h2> <br><br>\r\n\r\n<p>En VoidBoosting, estamos comprometidos no solo con ofrecerte un servicio excepcional, sino también con mejorar constantemente. Nos mantenemos actualizados con las últimas tendencias y actualizaciones en LoL, asegurando que nuestros métodos son los más efectivos y que las cuentas que vendemos están en sintonía con las demandas actuales del juego.</p> <br><br>\r\n\r\n<h2>Únete a Nosotros</h2> <br><br>\r\n\r\n<p>Si estás listo para llevar tu experiencia en LoL al siguiente nivel, VoidBoosting es tu aliado ideal. No importa si buscas mejorar tu ranking o encontrar una nueva cuenta que se ajuste mejor a tu estilo de juego, estamos aquí para ayudarte a lograr tus metas de manera segura y eficiente. ¡Explora nuestros servicios hoy y ve hasta dónde puedes llegar con VoidBoosting a tu lado!</p> <br><br>\r\n\r\n</div>'),
(6, ' <h1 class=\"h1formbooster\">Hazte Booster </h1>\r\n    <form action=\"procesar_formulario.php\" method=\"post\">\r\n        <fieldset>\r\n            <legend>Datos Personales</legend>\r\n            <label for=\"fullname\">Nombre Completo:</label>\r\n            <input type=\"text\" id=\"fullname\" name=\"fullname\" required><br><br>\r\n            <label for=\"age\">Edad:</label>\r\n            <input type=\"number\" id=\"age\" name=\"age\" required><br><br>\r\n            <label for=\"country\">País de Residencia:</label>\r\n            <select id=\"country\" name=\"country\" required>\r\n                <option value=\"usa\">Estados Unidos</option>\r\n                <option value=\"mexico\">México</option>\r\n                <option value=\"spain\">España</option>\r\n                <option value=\"argentina\">Argentina</option>\r\n                <option value=\"brazil\">Brasil</option>\r\n                <option value=\"chile\">Chile</option>\r\n                <option value=\"colombia\">Colombia</option>\r\n                <option value=\"peru\">Perú</option>\r\n                <option value=\"venezuela\">Venezuela</option>\r\n                <option value=\"canada\">Canadá</option>\r\n                <option value=\"uk\">Reino Unido</option>\r\n                <option value=\"germany\">Alemania</option>\r\n                <option value=\"france\">Francia</option>\r\n                <option value=\"italy\">Italia</option>\r\n                <option value=\"portugal\">Portugal</option>\r\n                <option value=\"netherlands\">Países Bajos</option>\r\n                <option value=\"belgium\">Bélgica</option>\r\n                <option value=\"switzerland\">Suiza</option>\r\n                <option value=\"austria\">Austria</option>\r\n                <option value=\"sweden\">Suecia</option>\r\n                <option value=\"norway\">Noruega</option>\r\n                <option value=\"denmark\">Dinamarca</option>\r\n                <option value=\"finland\">Finlandia</option>\r\n                <option value=\"poland\">Polonia</option>\r\n                <option value=\"russia\">Rusia</option>\r\n                <option value=\"china\">China</option>\r\n                <option value=\"japan\">Japón</option>\r\n                <option value=\"south_korea\">Corea del Sur</option>\r\n                <option value=\"india\">India</option>\r\n                <option value=\"australia\">Australia</option>\r\n                <option value=\"new_zealand\">Nueva Zelanda</option>\r\n                <option value=\"south_africa\">Sudáfrica</option>\r\n                <option value=\"egypt\">Egipto</option>\r\n                <option value=\"saudi_arabia\">Arabia Saudita</option>\r\n                <option value=\"iran\">Irán</option>\r\n                <option value=\"turkey\">Turquía</option>\r\n                <option value=\"greece\">Grecia</option>\r\n                <option value=\"israel\">Israel</option>\r\n                <option value=\"thailand\">Tailandia</option>\r\n                <option value=\"singapore\">Singapur</option>\r\n                <option value=\"malaysia\">Malasia</option>\r\n                <option value=\"indonesia\">Indonesia</option>\r\n                <option value=\"philippines\">Filipinas</option>\r\n                <option value=\"vietnam\">Vietnam</option>\r\n                <option value=\"brazil\">Brasil</option>\r\n            </select><br><br>\r\n            <label for=\"email\">Dirección de Correo Electrónico:</label>\r\n            <input type=\"email\" id=\"email\" name=\"email\" required><br><br>\r\n            <label for=\"discord\">Nombre de Usuario en Discord (opcional):</label>\r\n            <input type=\"text\" id=\"discord\" name=\"discord\"><br><br>\r\n        </fieldset>\r\n\r\n        <fieldset>\r\n            <legend>Información de Juego</legend>\r\n            <label for=\"summonername\">Nombre de Invocador en LoL:</label>\r\n            <input type=\"text\" id=\"summonername\" name=\"summonername\" required><br><br>\r\n            <label for=\"serverregion\">Región del Servidor:</label>\r\n            <select id=\"serverregion\" name=\"serverregion\" required>\r\n                <option value=\"na\">NA</option>\r\n                <option value=\"euw\">EUW</option>\r\n                <option value=\"eune\">EUNE</option>\r\n                <option value=\"kr\">KR</option>\r\n                <option value=\"br\">BR</option>\r\n                <option value=\"tr\">TR</option>\r\n                <option value=\"ru\">RU</option>\r\n                <option value=\"lan\">LAN</option>\r\n                <option value=\"las\">LAS</option>\r\n                <option value=\"oce\">OCE</option>\r\n                <option value=\"jp\">JP</option> \r\n            </select><br><br>\r\n            <label for=\"rank\">Rango Actual en LoL:</label>\r\n            <select id=\"rank\" name=\"rank\" required>\r\n                <option value=\"iron\">Hierro</option>\r\n                <option value=\"bronze\">Bronce</option>\r\n                <option value=\"plata\">Plata</option>\r\n                <option value=\"oro\">Oro</option>\r\n                <option value=\"platino\">Platino</option>\r\n                <option value=\"esmeralda\">Esmeralda</option>\r\n                <option value=\"diamante\">Diamante</option>\r\n                <option value=\"master\">Master</option>\r\n                <option value=\"grandmaster\">Grandmaster</option>\r\n                <option value=\"challenger\">Challenger</option>\r\n\r\n            </select><br><br>\r\n            <label>Años de Experiencia en LoL:</label>\r\n            <input type=\"number\" id=\"experience\" name=\"experience\" required><br><br>\r\n            <label>Roles que Puedes Jugar con Competencia:</label><br>\r\n            <input type=\"checkbox\" id=\"top\" name=\"role_top\">\r\n            <label for=\"top\">Top</label><br>\r\n            <input type=\"checkbox\" id=\"jungle\" name=\"role_jungle\">\r\n            <label for=\"jungle\">Jungla</label><br>\r\n            <input type=\"checkbox\" id=\"mid\" name=\"role_mid\">\r\n            <label for=\"mid\">Mid</label><br>\r\n            <input type=\"checkbox\" id=\"adc\" name=\"role_adc\">\r\n            <label for=\"adc\">ADC</label><br>\r\n            <input type=\"checkbox\" id=\"support\" name=\"role_support\">\r\n            <label for=\"support\">Apoyo</label><br><br>\r\n        </fieldset>\r\n\r\n        <fieldset>\r\n            <legend>Experiencia en Boosting</legend>\r\n            <label>¿Has sido booster anteriormente?</label><br>\r\n            <input type=\"radio\" id=\"yes\" name=\"previous_booster\" value=\"yes\">\r\n            <label for=\"yes\">Sí</label><br>\r\n            <input type=\"radio\" id=\"no\" name=\"previous_booster\" value=\"no\">\r\n            <label for=\"no\">No</label><br><br>\r\n            <label>Si respondiste \"Sí\", describe brevemente tu experiencia como booster:</label><br>\r\n            <textarea id=\"experience_description\" name=\"experience_description\" rows=\"4\" cols=\"50\"></textarea><br><br>\r\n        </fieldset>\r\n\r\n        <fieldset>\r\n            <legend>Declaración de Integridad y Motivación</legend>\r\n            <input type=\"checkbox\" id=\"integrity\" name=\"integrity\" required>\r\n            <label for=\"integrity\">Confirmo que comprendo y me comprometo a seguir los estándares éticos y las políticas de seguridad de VoidBoosting.</label><br><br>\r\n            <label>¿Por qué quieres unirte a VoidBoosting como booster?</label><br>\r\n            <textarea id=\"motivation\" name=\"motivation\" rows=\"4\" cols=\"50\" required></textarea><br><br>\r\n        </fieldset>\r\n\r\n        <input type=\"submit\" value=\"Enviar Aplicación\">\r\n    </form>'),
(7, '\r\n<div class=\"faqs\">\r\n\r\n    <h1 class=\"h1faq\">FAQ</h1> <br><br>\r\n    <h2>1. ¿Qué es VoidBoosting?</h2> <br><br>\r\n\r\n    <p>VoidBoosting es una empresa especializada en servicios de boosting y venta de cuentas para League of Legends (LoL). Ayudamos a jugadores a mejorar su clasificación y ofrecemos cuentas de alta calidad a aquellos que desean comenzar con ventaja.</p> <br><br>\r\n\r\n    <h2>2. ¿Cómo funciona el servicio de boosting?</h2> <br><br>\r\n\r\n    <p>Para utilizar nuestro servicio de boosting, simplemente seleccionas el paquete que mejor se ajuste a tus necesidades en nuestra página, realizas el pago y nos proporcionas la información de tu cuenta de forma segura. Un booster profesional asignado comenzará a trabajar en tu cuenta para alcanzar el rango deseado lo más rápido posible.</p> <br><br>\r\n\r\n    <h2>3. ¿Es seguro usar servicios de boosting?</h2> <br><br>\r\n\r\n    <p>La seguridad es nuestra principal prioridad. Utilizamos todas las medidas de seguridad posibles para proteger la información de las cuentas y mantener todo en anonimato. No compartimos la información de tu cuenta con nadie más que con el booster asignado.</p> <br><br>\r\n\r\n    <h2>4. ¿Puedo jugar en mi cuenta durante el proceso de boosting?</h2> <br><br>\r\n\r\n    <p>Recomendamos no jugar en tu cuenta mientras el proceso de boosting está en curso para evitar conflictos y posibles penalizaciones. Te notificaremos cuando el booster haya terminado de trabajar en tu cuenta.</p> <br><br>\r\n\r\n\r\n    <h2>5. ¿Quiénes son los boosters?</h2> <br><br>\r\n\r\n    <p>Nuestros boosters son jugadores de alto nivel que han sido cuidadosamente seleccionados y verificados. Todos ellos tienen una vasta experiencia en League of Legends y se comprometen a proporcionar el mejor servicio posible.</p> <br><br>\r\n\r\n    <h2>6. ¿Qué ocurre si no alcanzan el rango prometido?</h2> <br><br>\r\n\r\n    <p>En el improbable caso de que no logremos alcanzar el rango acordado, ofrecemos reembolsos parciales o completos según el progreso alcanzado. Nuestra meta es tu satisfacción total.</p> <br><br>\r\n\r\n    <h2>7. ¿Ofrecen otros servicios aparte de boosting?</h2> <br><br>\r\n\r\n    <p>Sí, además de los servicios de boosting, ofrecemos la venta de cuentas de League of Legends. Estas cuentas varían en rango, desde alto ELO hasta cuentas específicas con ciertos campeones o skins.</p> <br><br>\r\n    \r\n    <h2>8. ¿Cómo puedo pagar por los servicios?</h2> <br><br>\r\n\r\n    <p>Aceptamos varios métodos de pago, incluyendo tarjetas de crédito, PayPal y otros monederos electrónicos. Todos los pagos son procesados a través de un sistema seguro para garantizar la protección de tus datos.</p><br><br>\r\n\r\n    <h2>9. ¿Tienen alguna política de reembolso?</h2> <br><br>\r\n\r\n    <p>Sí, ofrecemos una política de reembolso en caso de que no estés satisfecho con nuestro servicio o si no podemos cumplir con los requisitos del servicio acordado.</p> <br><br>\r\n\r\n    <h2>10. ¿Cómo puedo contactar con soporte si tengo más preguntas?</h2> <br><br>\r\n\r\n    <p>Puedes contactarnos a través del formulario en nuestra página web, por email o por nuestro chat en vivo. Nuestro equipo de soporte está disponible 24/7 para responder a cualquier pregunta que puedas tener.</p> <br><br>\r\n\r\n\r\n\r\n</div>'),
(8, '<div class=\"comocomprarcuenta\">\r\n    <h1  class=\"h1comocomprarcuenta\">Cómo Comprar una Cuenta en VoidBoosting.gg</h1> <br><br>\r\n    <section>\r\n        <h2>Pasos para comprar una cuenta</h2> <br><br>\r\n        <p>Comprar una cuenta de League of Legends nunca ha sido tan fácil. Sigue estos pasos para adquirir tu cuenta ideal hoy mismo:</p> <br><br>\r\n        <ol>\r\n            <li><strong>Visita nuestra Tienda:</strong> Navega a nuestra sección de cuentas donde podrás ver todas las cuentas disponibles, cada una con detalles como el rango, los campeones desbloqueados y skins especiales.</li> <br><br>\r\n            <li><strong>Selecciona tu Cuenta:</strong> Elige la cuenta que más te guste y que se ajuste a tus necesidades. Puedes filtrar por rango, región, y otras características.</li> <br><br>\r\n            <li><strong>Realiza el Pago:</strong> Procede al pago utilizando nuestros métodos de pago seguros. Aceptamos tarjetas de crédito, PayPal y otros monederos electrónicos.</li> <br><br> \r\n            <li><strong>Confirmación de Compra:</strong> Recibirás un correo electrónico con todos los detalles de tu compra, incluyendo la información de acceso a la cuenta. Te recomendamos cambiar la contraseña de la cuenta tras la primera sesión.</li> <br><br>\r\n        </ol>\r\n        <p>Si tienes alguna pregunta durante el proceso de compra, no dudes en contactar con nuestro soporte al cliente a través de chat en vivo o email.</p><br><br>\r\n\r\n        <p>Gracias por elegir VoidBoosting.gg para tus necesidades de League of Legends.</p><br><br>\r\n \r\n\r\n    </div>'),
(9, '<div class=\"comocomprarcuenta\">\r\n        <h1 class=\"h1comocomprarcuenta\">Cómo Comprar Servicios de Boosting en VoidBoosting.gg</h1><br><br>\r\n        <section>\r\n            <h2>Pasos para comprar boosting</h2><br><br>\r\n            <p>Mejorar tu clasificación en League of Legends nunca ha sido tan sencillo. Sigue estos pasos para obtener nuestro servicio de boosting hoy mismo:</p><br><br>\r\n            <ol>\r\n                <li><strong>Elige tu Servicio:</strong> Navega a nuestra sección de servicios de boosting y selecciona el tipo de boost que necesitas, como puede ser mejora de rango o victorias específicas.</li><br><br>\r\n                <li><strong>Personaliza tu Pedido:</strong> Personaliza tu pedido según tus necesidades específicas, eligiendo el rango actual y el rango deseado, y otras opciones disponibles.</li><br><br>\r\n                <li><strong>Realiza el Pago:</strong> Completa tu compra utilizando nuestros métodos de pago seguros. Aceptamos diversas formas de pago incluyendo tarjetas de crédito y PayPal.</li><br><br>\r\n                <li><strong>Empieza el Boosting:</strong> Una vez confirmado el pago, un booster profesional será asignado a tu cuenta. Podrás seguir el progreso en tiempo real a través de tu cuenta en nuestro sitio.</li><br><br>\r\n            </ol>\r\n            <p>Si tienes alguna pregunta durante el proceso o necesitas asistencia adicional, no dudes en contactar con nuestro soporte al cliente a través del chat en vivo o email.</p><br><br>\r\n            <p>Gracias por elegir VoidBoosting.gg para mejorar tu experiencia en League of Legends.</p><br><br>\r\n        </section>\r\n    </div>');

--
-- Índices para tablas volcadas
--

--
-- Indices de la tabla `aplicacionesboosters`
--
ALTER TABLE `aplicacionesboosters`
  ADD PRIMARY KEY (`id`);

--
-- Indices de la tabla `Clientes`
--
ALTER TABLE `Clientes`
  ADD PRIMARY KEY (`ID_Cliente`);

--
-- Indices de la tabla `CuentasLOL`
--
ALTER TABLE `CuentasLOL`
  ADD PRIMARY KEY (`ID_Cuenta`);

--
-- Indices de la tabla `FotosCuentaLOL`
--
ALTER TABLE `FotosCuentaLOL`
  ADD PRIMARY KEY (`ID_Foto`),
  ADD KEY `FK_CuentasLOL_FotosCuentaLOL` (`ID_Cuenta`);

--
-- Indices de la tabla `Pedidos`
--
ALTER TABLE `Pedidos`
  ADD PRIMARY KEY (`ID_Pedido`),
  ADD KEY `ID_Cliente` (`ID_Cliente`),
  ADD KEY `ID_Servicio` (`ID_Servicio`),
  ADD KEY `ID_Cuenta` (`ID_Cuenta`),
  ADD KEY `fk_usuario_pedido` (`ID_Usuario`);

--
-- Indices de la tabla `ServiciosBoosting`
--
ALTER TABLE `ServiciosBoosting`
  ADD PRIMARY KEY (`ID_Servicio`);

--
-- Indices de la tabla `usuarios`
--
ALTER TABLE `usuarios`
  ADD PRIMARY KEY (`ID_Usuario`);

--
-- Indices de la tabla `vistas`
--
ALTER TABLE `vistas`
  ADD PRIMARY KEY (`id_vista`);

--
-- AUTO_INCREMENT de las tablas volcadas
--

--
-- AUTO_INCREMENT de la tabla `aplicacionesboosters`
--
ALTER TABLE `aplicacionesboosters`
  MODIFY `id` int(11) NOT NULL AUTO_INCREMENT, AUTO_INCREMENT=2;

--
-- AUTO_INCREMENT de la tabla `Clientes`
--
ALTER TABLE `Clientes`
  MODIFY `ID_Cliente` int(11) NOT NULL AUTO_INCREMENT, AUTO_INCREMENT=3;

--
-- AUTO_INCREMENT de la tabla `CuentasLOL`
--
ALTER TABLE `CuentasLOL`
  MODIFY `ID_Cuenta` int(11) NOT NULL AUTO_INCREMENT, AUTO_INCREMENT=14;

--
-- AUTO_INCREMENT de la tabla `FotosCuentaLOL`
--
ALTER TABLE `FotosCuentaLOL`
  MODIFY `ID_Foto` int(11) NOT NULL AUTO_INCREMENT, AUTO_INCREMENT=17;

--
-- AUTO_INCREMENT de la tabla `Pedidos`
--
ALTER TABLE `Pedidos`
  MODIFY `ID_Pedido` int(11) NOT NULL AUTO_INCREMENT, AUTO_INCREMENT=12;

--
-- AUTO_INCREMENT de la tabla `ServiciosBoosting`
--
ALTER TABLE `ServiciosBoosting`
  MODIFY `ID_Servicio` int(11) NOT NULL AUTO_INCREMENT, AUTO_INCREMENT=8;

--
-- AUTO_INCREMENT de la tabla `usuarios`
--
ALTER TABLE `usuarios`
  MODIFY `ID_Usuario` int(11) NOT NULL AUTO_INCREMENT, AUTO_INCREMENT=14;

--
-- AUTO_INCREMENT de la tabla `vistas`
--
ALTER TABLE `vistas`
  MODIFY `id_vista` int(11) NOT NULL AUTO_INCREMENT, AUTO_INCREMENT=10;

--
-- Restricciones para tablas volcadas
--

--
-- Filtros para la tabla `FotosCuentaLOL`
--
ALTER TABLE `FotosCuentaLOL`
  ADD CONSTRAINT `FK_CuentasLOL_FotosCuentaLOL` FOREIGN KEY (`ID_Cuenta`) REFERENCES `CuentasLOL` (`ID_Cuenta`),
  ADD CONSTRAINT `FotosCuentaLOL_ibfk_1` FOREIGN KEY (`ID_Cuenta`) REFERENCES `CuentasLOL` (`ID_Cuenta`);

--
-- Filtros para la tabla `Pedidos`
--
ALTER TABLE `Pedidos`
  ADD CONSTRAINT `Pedidos_ibfk_1` FOREIGN KEY (`ID_Cliente`) REFERENCES `Clientes` (`ID_Cliente`),
  ADD CONSTRAINT `Pedidos_ibfk_2` FOREIGN KEY (`ID_Servicio`) REFERENCES `ServiciosBoosting` (`ID_Servicio`),
  ADD CONSTRAINT `Pedidos_ibfk_3` FOREIGN KEY (`ID_Cuenta`) REFERENCES `CuentasLOL` (`ID_Cuenta`),
  ADD CONSTRAINT `fk_usuario_pedido` FOREIGN KEY (`ID_Usuario`) REFERENCES `usuarios` (`ID_Usuario`);
COMMIT;

/*!40101 SET CHARACTER_SET_CLIENT=@OLD_CHARACTER_SET_CLIENT */;
/*!40101 SET CHARACTER_SET_RESULTS=@OLD_CHARACTER_SET_RESULTS */;
/*!40101 SET COLLATION_CONNECTION=@OLD_COLLATION_CONNECTION */;
